{
  "Circle": {
    "Center": [-6.89187, 37.17829],
    "Radius": 10
  }
}
